CODE 0E	CODE 0E	CODE 0E	"02"	"00"	"0E"	"01"	"04"	"00"	
CODE 0E	"02"	"00"	"0E"	"01"	"0F"	"00"	
CODE 0E	"02"	"00"	"0E"	"01"	"63"	"00"	
CODE 0E	"02"	"00"	"0E"	"01"	"00"	"00"	
CODE 0E	"02"	"00"	"0E"	"01"	"63"	"00"	
CODE 0E	"02"	"00"	"0E"	"01"	"00"	"00"	
CODE 0E	"02"	"00"	"0E"	"01"	"63"	"00"	
CODE 0E	"02"	"00"	"0E"	"01"	"[04]"	"00"	
CODE 0E	"02"	"00"	"0E"	"01"	"[08]"	"00"	
CODE 0E	"02"	"00"	"0E"	"01"	"[63]"	"00"	
CODE 0E	"02"	"00"	"0E"	"[02]"	"[00]"	"00"	
CODE 0E	"02"	"00"	"0E"	"02"	"[63]"	"00"	
CODE 0E	"02"	"00"	"0E"	"[01]"	"[00]"	"00"	
CODE 0E	"02"	"00"	"0E"	"01"	"[63]"	"00"	
CODE 0E	"02"	"00"	"0E"	"01"	"[36]"	"00"	
CODE 0E	"02"	"00"	"0E"	"01"	"[00]"	"00"	
CODE 0E	"02"	"00"	"0E"	"01"	"[36]"	"00"	
CODE 0E	"02"	"00"	"0E"	"01"	"[63]"	"00"	
CODE 0E	"02"	"00"	"0E"	"01"	"[24]"	"00"	
CODE 0E	"02"	"00"	"0E"	"01"	"[63]"	"00"	
