CODE 0A	"02"	"03"	"00"	"04"	"01"	"10"	"00"	"F0"	"53"	"48"	"4F"	"43"	"41"	"53"	"00"	"47"	"45"	"4E"	"45"	"54"	"58"	"00"	"53"	"54"	"41"	"52"	"53"	"20"	"00"	"41"	"4D"	"50"	"53"	"20"	"20"	"00"	"42"	"4C"	"55"	"45"	"53"	"20"	"00"	"43"	"4E"	"54"	"52"	"59"	"20"	"00"	"52"	"4F"	"43"	"4B"	"20"	"20"	"00"	"43"	"4C"	"45"	"41"	"4E"	"20"	"00"	"4D"	"45"	"54"	"41"	"4C"	"20"	"00"	"53"	"54"	"55"	"44"	"49"	"4F"	"00"	"4A"	"41"	"5A"	"5A"	"20"	"20"	"00"	"56"	"49"	"4E"	"54"	"41"	"47"	"00"	"46"	"55"	"4E"	"4B"	"20"	"20"	"00"	"48"	"59"	"42"	"52"	"49"	"44"	"00"	"45"	"58"	"50"	"52"	"53"	"4E"	"00"	"53"	"50"	"45"	"43"	"49"	"41"	"00"	"01"	"02"	"01"	"00"	"02"	"03"	"00"	"00"	"80"	"00"	"80"	"00"	"01"	"02"	"03"	"04"	"05"	"06"	"07"	"08"	"09"	"0A"	"0B"	"0C"	"0D"	"0E"	"0F"	"10"	"11"	"12"	"13"	"14"	"15"	"16"	"17"	"18"	"19"	"1A"	"1B"	"1C"	"1D"	"1E"	"1F"	"20"	"21"	"22"	"23"	"24"	"25"	"26"	"27"	"28"	"29"	"2A"	"2B"	"2C"	"2D"	"2E"	"2F"	"30"	"31"	"32"	"33"	"34"	"35"	"36"	"37"	"38"	"39"	"3A"	"3B"	"3C"	"3D"	"3E"	"3F"	"40"	"41"	"42"	"43"	"44"	"45"	"46"	"47"	"48"	"49"	"4A"	"4B"	"4C"	"4D"	"4E"	"4F"	"50"	"51"	"52"	"53"	"54"	"55"	"56"	"57"	"58"	"59"	"5A"	"5B"	"5C"	"5D"	"5E"	"5F"	"00"	"01"	"02"	"03"	"04"	"05"	"06"	"07"	"08"	"09"	"0A"	"0B"	"0C"	"0D"	"0E"	"0F"	"10"	"11"	"12"	"13"	"14"	"15"	"16"	"17"	"18"	"19"	"1A"	"1B"	"1C"	"1D"	"1E"	"1F"	
CODE 0A	"02"	"03"	"00"	"04"	"01"	"10"	"00"	"F0"	"53"	"48"	"4F"	"43"	"41"	"53"	"00"	"47"	"45"	"4E"	"45"	"54"	"58"	"00"	"53"	"54"	"41"	"52"	"53"	"20"	"00"	"41"	"4D"	"50"	"53"	"20"	"20"	"00"	"42"	"4C"	"55"	"45"	"53"	"20"	"00"	"43"	"4E"	"54"	"52"	"59"	"20"	"00"	"52"	"4F"	"43"	"4B"	"20"	"20"	"00"	"43"	"4C"	"45"	"41"	"4E"	"20"	"00"	"4D"	"45"	"54"	"41"	"4C"	"20"	"00"	"53"	"54"	"55"	"44"	"49"	"4F"	"00"	"4A"	"41"	"5A"	"5A"	"20"	"20"	"00"	"56"	"49"	"4E"	"54"	"41"	"47"	"00"	"46"	"55"	"4E"	"4B"	"20"	"20"	"00"	"48"	"59"	"42"	"52"	"49"	"44"	"00"	"45"	"58"	"50"	"52"	"53"	"4E"	"00"	"53"	"50"	"45"	"43"	"49"	"41"	"00"	"01"	"02"	"[00]"	"00"	"02"	"03"	"00"	"00"	"80"	"00"	"80"	"00"	"01"	"02"	"03"	"04"	"05"	"06"	"07"	"08"	"09"	"0A"	"0B"	"0C"	"0D"	"0E"	"0F"	"10"	"11"	"12"	"13"	"14"	"15"	"16"	"17"	"18"	"19"	"1A"	"1B"	"1C"	"1D"	"1E"	"1F"	"20"	"21"	"22"	"23"	"24"	"25"	"26"	"27"	"28"	"29"	"2A"	"2B"	"2C"	"2D"	"2E"	"2F"	"30"	"31"	"32"	"33"	"34"	"35"	"36"	"37"	"38"	"39"	"3A"	"3B"	"3C"	"3D"	"3E"	"3F"	"40"	"41"	"42"	"43"	"44"	"45"	"46"	"47"	"48"	"49"	"4A"	"4B"	"4C"	"4D"	"4E"	"4F"	"50"	"51"	"52"	"53"	"54"	"55"	"56"	"57"	"58"	"59"	"5A"	"5B"	"5C"	"5D"	"5E"	"5F"	"00"	"01"	"02"	"03"	"04"	"05"	"06"	"07"	"08"	"09"	"0A"	"0B"	"0C"	"0D"	"0E"	"0F"	"10"	"11"	"12"	"13"	"14"	"15"	"16"	"17"	"18"	"19"	"1A"	"1B"	"1C"	"1D"	"1E"	"1F"	
CODE 0A	"02"	"03"	"00"	"04"	"01"	"10"	"00"	"F0"	"53"	"48"	"4F"	"43"	"41"	"53"	"00"	"47"	"45"	"4E"	"45"	"54"	"58"	"00"	"53"	"54"	"41"	"52"	"53"	"20"	"00"	"41"	"4D"	"50"	"53"	"20"	"20"	"00"	"42"	"4C"	"55"	"45"	"53"	"20"	"00"	"43"	"4E"	"54"	"52"	"59"	"20"	"00"	"52"	"4F"	"43"	"4B"	"20"	"20"	"00"	"43"	"4C"	"45"	"41"	"4E"	"20"	"00"	"4D"	"45"	"54"	"41"	"4C"	"20"	"00"	"53"	"54"	"55"	"44"	"49"	"4F"	"00"	"4A"	"41"	"5A"	"5A"	"20"	"20"	"00"	"56"	"49"	"4E"	"54"	"41"	"47"	"00"	"46"	"55"	"4E"	"4B"	"20"	"20"	"00"	"48"	"59"	"42"	"52"	"49"	"44"	"00"	"45"	"58"	"50"	"52"	"53"	"4E"	"00"	"53"	"50"	"45"	"43"	"49"	"41"	"00"	"01"	"02"	"[01]"	"00"	"02"	"03"	"00"	"00"	"80"	"00"	"80"	"00"	"01"	"02"	"03"	"04"	"05"	"06"	"07"	"08"	"09"	"0A"	"0B"	"0C"	"0D"	"0E"	"0F"	"10"	"11"	"12"	"13"	"14"	"15"	"16"	"17"	"18"	"19"	"1A"	"1B"	"1C"	"1D"	"1E"	"1F"	"20"	"21"	"22"	"23"	"24"	"25"	"26"	"27"	"28"	"29"	"2A"	"2B"	"2C"	"2D"	"2E"	"2F"	"30"	"31"	"32"	"33"	"34"	"35"	"36"	"37"	"38"	"39"	"3A"	"3B"	"3C"	"3D"	"3E"	"3F"	"40"	"41"	"42"	"43"	"44"	"45"	"46"	"47"	"48"	"49"	"4A"	"4B"	"4C"	"4D"	"4E"	"4F"	"50"	"51"	"52"	"53"	"54"	"55"	"56"	"57"	"58"	"59"	"5A"	"5B"	"5C"	"5D"	"5E"	"5F"	"00"	"01"	"02"	"03"	"04"	"05"	"06"	"07"	"08"	"09"	"0A"	"0B"	"0C"	"0D"	"0E"	"0F"	"10"	"11"	"12"	"13"	"14"	"15"	"16"	"17"	"18"	"19"	"1A"	"1B"	"1C"	"1D"	"1E"	"1F"	
CODE 0A	"02"	"03"	"00"	"04"	"01"	"10"	"00"	"F0"	"53"	"48"	"4F"	"43"	"41"	"53"	"00"	"47"	"45"	"4E"	"45"	"54"	"58"	"00"	"53"	"54"	"41"	"52"	"53"	"20"	"00"	"41"	"4D"	"50"	"53"	"20"	"20"	"00"	"42"	"4C"	"55"	"45"	"53"	"20"	"00"	"43"	"4E"	"54"	"52"	"59"	"20"	"00"	"52"	"4F"	"43"	"4B"	"20"	"20"	"00"	"43"	"4C"	"45"	"41"	"4E"	"20"	"00"	"4D"	"45"	"54"	"41"	"4C"	"20"	"00"	"53"	"54"	"55"	"44"	"49"	"4F"	"00"	"4A"	"41"	"5A"	"5A"	"20"	"20"	"00"	"56"	"49"	"4E"	"54"	"41"	"47"	"00"	"46"	"55"	"4E"	"4B"	"20"	"20"	"00"	"48"	"59"	"42"	"52"	"49"	"44"	"00"	"45"	"58"	"50"	"52"	"53"	"4E"	"00"	"53"	"50"	"45"	"43"	"49"	"41"	"00"	"01"	"02"	"[00]"	"00"	"02"	"03"	"00"	"00"	"80"	"00"	"80"	"00"	"01"	"02"	"03"	"04"	"05"	"06"	"07"	"08"	"09"	"0A"	"0B"	"0C"	"0D"	"0E"	"0F"	"10"	"11"	"12"	"13"	"14"	"15"	"16"	"17"	"18"	"19"	"1A"	"1B"	"1C"	"1D"	"1E"	"1F"	"20"	"21"	"22"	"23"	"24"	"25"	"26"	"27"	"28"	"29"	"2A"	"2B"	"2C"	"2D"	"2E"	"2F"	"30"	"31"	"32"	"33"	"34"	"35"	"36"	"37"	"38"	"39"	"3A"	"3B"	"3C"	"3D"	"3E"	"3F"	"40"	"41"	"42"	"43"	"44"	"45"	"46"	"47"	"48"	"49"	"4A"	"4B"	"4C"	"4D"	"4E"	"4F"	"50"	"51"	"52"	"53"	"54"	"55"	"56"	"57"	"58"	"59"	"5A"	"5B"	"5C"	"5D"	"5E"	"5F"	"00"	"01"	"02"	"03"	"04"	"05"	"06"	"07"	"08"	"09"	"0A"	"0B"	"0C"	"0D"	"0E"	"0F"	"10"	"11"	"12"	"13"	"14"	"15"	"16"	"17"	"18"	"19"	"1A"	"1B"	"1C"	"1D"	"1E"	"1F"	
CODE 0A	"02"	"03"	"00"	"04"	"01"	"10"	"00"	"F0"	"53"	"48"	"4F"	"43"	"41"	"53"	"00"	"47"	"45"	"4E"	"45"	"54"	"58"	"00"	"53"	"54"	"41"	"52"	"53"	"20"	"00"	"41"	"4D"	"50"	"53"	"20"	"20"	"00"	"42"	"4C"	"55"	"45"	"53"	"20"	"00"	"43"	"4E"	"54"	"52"	"59"	"20"	"00"	"52"	"4F"	"43"	"4B"	"20"	"20"	"00"	"43"	"4C"	"45"	"41"	"4E"	"20"	"00"	"4D"	"45"	"54"	"41"	"4C"	"20"	"00"	"53"	"54"	"55"	"44"	"49"	"4F"	"00"	"4A"	"41"	"5A"	"5A"	"20"	"20"	"00"	"56"	"49"	"4E"	"54"	"41"	"47"	"00"	"46"	"55"	"4E"	"4B"	"20"	"20"	"00"	"48"	"59"	"42"	"52"	"49"	"44"	"00"	"45"	"58"	"50"	"52"	"53"	"4E"	"00"	"53"	"50"	"45"	"43"	"49"	"41"	"00"	"01"	"02"	"00"	"[01]"	"02"	"03"	"00"	"00"	"80"	"00"	"80"	"00"	"01"	"02"	"03"	"04"	"05"	"06"	"07"	"08"	"09"	"0A"	"0B"	"0C"	"0D"	"0E"	"0F"	"10"	"11"	"12"	"13"	"14"	"15"	"16"	"17"	"18"	"19"	"1A"	"1B"	"1C"	"1D"	"1E"	"1F"	"20"	"21"	"22"	"23"	"24"	"25"	"26"	"27"	"28"	"29"	"2A"	"2B"	"2C"	"2D"	"2E"	"2F"	"30"	"31"	"32"	"33"	"34"	"35"	"36"	"37"	"38"	"39"	"3A"	"3B"	"3C"	"3D"	"3E"	"3F"	"40"	"41"	"42"	"43"	"44"	"45"	"46"	"47"	"48"	"49"	"4A"	"4B"	"4C"	"4D"	"4E"	"4F"	"50"	"51"	"52"	"53"	"54"	"55"	"56"	"57"	"58"	"59"	"5A"	"5B"	"5C"	"5D"	"5E"	"5F"	"00"	"01"	"02"	"03"	"04"	"05"	"06"	"07"	"08"	"09"	"0A"	"0B"	"0C"	"0D"	"0E"	"0F"	"10"	"11"	"12"	"13"	"14"	"15"	"16"	"17"	"18"	"19"	"1A"	"1B"	"1C"	"1D"	"1E"	"1F"	
CODE 0A	"02"	"03"	"00"	"04"	"01"	"10"	"00"	"F0"	"53"	"48"	"4F"	"43"	"41"	"53"	"00"	"47"	"45"	"4E"	"45"	"54"	"58"	"00"	"53"	"54"	"41"	"52"	"53"	"20"	"00"	"41"	"4D"	"50"	"53"	"20"	"20"	"00"	"42"	"4C"	"55"	"45"	"53"	"20"	"00"	"43"	"4E"	"54"	"52"	"59"	"20"	"00"	"52"	"4F"	"43"	"4B"	"20"	"20"	"00"	"43"	"4C"	"45"	"41"	"4E"	"20"	"00"	"4D"	"45"	"54"	"41"	"4C"	"20"	"00"	"53"	"54"	"55"	"44"	"49"	"4F"	"00"	"4A"	"41"	"5A"	"5A"	"20"	"20"	"00"	"56"	"49"	"4E"	"54"	"41"	"47"	"00"	"46"	"55"	"4E"	"4B"	"20"	"20"	"00"	"48"	"59"	"42"	"52"	"49"	"44"	"00"	"45"	"58"	"50"	"52"	"53"	"4E"	"00"	"53"	"50"	"45"	"43"	"49"	"41"	"00"	"01"	"02"	"00"	"[02]"	"02"	"03"	"00"	"00"	"80"	"00"	"80"	"00"	"01"	"02"	"03"	"04"	"05"	"06"	"07"	"08"	"09"	"0A"	"0B"	"0C"	"0D"	"0E"	"0F"	"10"	"11"	"12"	"13"	"14"	"15"	"16"	"17"	"18"	"19"	"1A"	"1B"	"1C"	"1D"	"1E"	"1F"	"20"	"21"	"22"	"23"	"24"	"25"	"26"	"27"	"28"	"29"	"2A"	"2B"	"2C"	"2D"	"2E"	"2F"	"30"	"31"	"32"	"33"	"34"	"35"	"36"	"37"	"38"	"39"	"3A"	"3B"	"3C"	"3D"	"3E"	"3F"	"40"	"41"	"42"	"43"	"44"	"45"	"46"	"47"	"48"	"49"	"4A"	"4B"	"4C"	"4D"	"4E"	"4F"	"50"	"51"	"52"	"53"	"54"	"55"	"56"	"57"	"58"	"59"	"5A"	"5B"	"5C"	"5D"	"5E"	"5F"	"00"	"01"	"02"	"03"	"04"	"05"	"06"	"07"	"08"	"09"	"0A"	"0B"	"0C"	"0D"	"0E"	"0F"	"10"	"11"	"12"	"13"	"14"	"15"	"16"	"17"	"18"	"19"	"1A"	"1B"	"1C"	"1D"	"1E"	"1F"	
CODE 0A	"02"	"03"	"00"	"04"	"01"	"10"	"00"	"F0"	"53"	"48"	"4F"	"43"	"41"	"53"	"00"	"47"	"45"	"4E"	"45"	"54"	"58"	"00"	"53"	"54"	"41"	"52"	"53"	"20"	"00"	"41"	"4D"	"50"	"53"	"20"	"20"	"00"	"42"	"4C"	"55"	"45"	"53"	"20"	"00"	"43"	"4E"	"54"	"52"	"59"	"20"	"00"	"52"	"4F"	"43"	"4B"	"20"	"20"	"00"	"43"	"4C"	"45"	"41"	"4E"	"20"	"00"	"4D"	"45"	"54"	"41"	"4C"	"20"	"00"	"53"	"54"	"55"	"44"	"49"	"4F"	"00"	"4A"	"41"	"5A"	"5A"	"20"	"20"	"00"	"56"	"49"	"4E"	"54"	"41"	"47"	"00"	"46"	"55"	"4E"	"4B"	"20"	"20"	"00"	"48"	"59"	"42"	"52"	"49"	"44"	"00"	"45"	"58"	"50"	"52"	"53"	"4E"	"00"	"53"	"50"	"45"	"43"	"49"	"41"	"00"	"01"	"02"	"00"	"[06]"	"02"	"03"	"00"	"00"	"80"	"00"	"80"	"00"	"01"	"02"	"03"	"04"	"05"	"06"	"07"	"08"	"09"	"0A"	"0B"	"0C"	"0D"	"0E"	"0F"	"10"	"11"	"12"	"13"	"14"	"15"	"16"	"17"	"18"	"19"	"1A"	"1B"	"1C"	"1D"	"1E"	"1F"	"20"	"21"	"22"	"23"	"24"	"25"	"26"	"27"	"28"	"29"	"2A"	"2B"	"2C"	"2D"	"2E"	"2F"	"30"	"31"	"32"	"33"	"34"	"35"	"36"	"37"	"38"	"39"	"3A"	"3B"	"3C"	"3D"	"3E"	"3F"	"40"	"41"	"42"	"43"	"44"	"45"	"46"	"47"	"48"	"49"	"4A"	"4B"	"4C"	"4D"	"4E"	"4F"	"50"	"51"	"52"	"53"	"54"	"55"	"56"	"57"	"58"	"59"	"5A"	"5B"	"5C"	"5D"	"5E"	"5F"	"00"	"01"	"02"	"03"	"04"	"05"	"06"	"07"	"08"	"09"	"0A"	"0B"	"0C"	"0D"	"0E"	"0F"	"10"	"11"	"12"	"13"	"14"	"15"	"16"	"17"	"18"	"19"	"1A"	"1B"	"1C"	"1D"	"1E"	"1F"	
CODE 0A	"02"	"03"	"00"	"04"	"01"	"10"	"00"	"F0"	"53"	"48"	"4F"	"43"	"41"	"53"	"00"	"47"	"45"	"4E"	"45"	"54"	"58"	"00"	"53"	"54"	"41"	"52"	"53"	"20"	"00"	"41"	"4D"	"50"	"53"	"20"	"20"	"00"	"42"	"4C"	"55"	"45"	"53"	"20"	"00"	"43"	"4E"	"54"	"52"	"59"	"20"	"00"	"52"	"4F"	"43"	"4B"	"20"	"20"	"00"	"43"	"4C"	"45"	"41"	"4E"	"20"	"00"	"4D"	"45"	"54"	"41"	"4C"	"20"	"00"	"53"	"54"	"55"	"44"	"49"	"4F"	"00"	"4A"	"41"	"5A"	"5A"	"20"	"20"	"00"	"56"	"49"	"4E"	"54"	"41"	"47"	"00"	"46"	"55"	"4E"	"4B"	"20"	"20"	"00"	"48"	"59"	"42"	"52"	"49"	"44"	"00"	"45"	"58"	"50"	"52"	"53"	"4E"	"00"	"53"	"50"	"45"	"43"	"49"	"41"	"00"	"01"	"02"	"00"	"[00]"	"02"	"03"	"00"	"00"	"80"	"00"	"80"	"00"	"01"	"02"	"03"	"04"	"05"	"06"	"07"	"08"	"09"	"0A"	"0B"	"0C"	"0D"	"0E"	"0F"	"10"	"11"	"12"	"13"	"14"	"15"	"16"	"17"	"18"	"19"	"1A"	"1B"	"1C"	"1D"	"1E"	"1F"	"20"	"21"	"22"	"23"	"24"	"25"	"26"	"27"	"28"	"29"	"2A"	"2B"	"2C"	"2D"	"2E"	"2F"	"30"	"31"	"32"	"33"	"34"	"35"	"36"	"37"	"38"	"39"	"3A"	"3B"	"3C"	"3D"	"3E"	"3F"	"40"	"41"	"42"	"43"	"44"	"45"	"46"	"47"	"48"	"49"	"4A"	"4B"	"4C"	"4D"	"4E"	"4F"	"50"	"51"	"52"	"53"	"54"	"55"	"56"	"57"	"58"	"59"	"5A"	"5B"	"5C"	"5D"	"5E"	"5F"	"00"	"01"	"02"	"03"	"04"	"05"	"06"	"07"	"08"	"09"	"0A"	"0B"	"0C"	"0D"	"0E"	"0F"	"10"	"11"	"12"	"13"	"14"	"15"	"16"	"17"	"18"	"19"	"1A"	"1B"	"1C"	"1D"	"1E"	"1F"	
CODE 0A	"02"	"03"	"00"	"04"	"[00]"	"10"	"00"	"F0"	"53"	"48"	"4F"	"43"	"41"	"53"	"00"	"47"	"45"	"4E"	"45"	"54"	"58"	"00"	"53"	"54"	"41"	"52"	"53"	"20"	"00"	"41"	"4D"	"50"	"53"	"20"	"20"	"00"	"42"	"4C"	"55"	"45"	"53"	"20"	"00"	"43"	"4E"	"54"	"52"	"59"	"20"	"00"	"52"	"4F"	"43"	"4B"	"20"	"20"	"00"	"43"	"4C"	"45"	"41"	"4E"	"20"	"00"	"4D"	"45"	"54"	"41"	"4C"	"20"	"00"	"53"	"54"	"55"	"44"	"49"	"4F"	"00"	"4A"	"41"	"5A"	"5A"	"20"	"20"	"00"	"56"	"49"	"4E"	"54"	"41"	"47"	"00"	"46"	"55"	"4E"	"4B"	"20"	"20"	"00"	"48"	"59"	"42"	"52"	"49"	"44"	"00"	"45"	"58"	"50"	"52"	"53"	"4E"	"00"	"53"	"50"	"45"	"43"	"49"	"41"	"00"	"01"	"02"	"00"	"00"	"02"	"03"	"00"	"00"	"80"	"00"	"80"	"00"	"01"	"02"	"03"	"04"	"05"	"06"	"07"	"08"	"09"	"0A"	"0B"	"0C"	"0D"	"0E"	"0F"	"10"	"11"	"12"	"13"	"14"	"15"	"16"	"17"	"18"	"19"	"1A"	"1B"	"1C"	"1D"	"1E"	"1F"	"20"	"21"	"22"	"23"	"24"	"25"	"26"	"27"	"28"	"29"	"2A"	"2B"	"2C"	"2D"	"2E"	"2F"	"30"	"31"	"32"	"33"	"34"	"35"	"36"	"37"	"38"	"39"	"3A"	"3B"	"3C"	"3D"	"3E"	"3F"	"40"	"41"	"42"	"43"	"44"	"45"	"46"	"47"	"48"	"49"	"4A"	"4B"	"4C"	"4D"	"4E"	"4F"	"50"	"51"	"52"	"53"	"54"	"55"	"56"	"57"	"58"	"59"	"5A"	"5B"	"5C"	"5D"	"5E"	"5F"	"00"	"01"	"02"	"03"	"04"	"05"	"06"	"07"	"08"	"09"	"0A"	"0B"	"0C"	"0D"	"0E"	"0F"	"10"	"11"	"12"	"13"	"14"	"15"	"16"	"17"	"18"	"19"	"1A"	"1B"	"1C"	"1D"	"1E"	"1F"	
CODE 0A	"02"	"03"	"00"	"04"	"[01]"	"10"	"00"	"F0"	"53"	"48"	"4F"	"43"	"41"	"53"	"00"	"47"	"45"	"4E"	"45"	"54"	"58"	"00"	"53"	"54"	"41"	"52"	"53"	"20"	"00"	"41"	"4D"	"50"	"53"	"20"	"20"	"00"	"42"	"4C"	"55"	"45"	"53"	"20"	"00"	"43"	"4E"	"54"	"52"	"59"	"20"	"00"	"52"	"4F"	"43"	"4B"	"20"	"20"	"00"	"43"	"4C"	"45"	"41"	"4E"	"20"	"00"	"4D"	"45"	"54"	"41"	"4C"	"20"	"00"	"53"	"54"	"55"	"44"	"49"	"4F"	"00"	"4A"	"41"	"5A"	"5A"	"20"	"20"	"00"	"56"	"49"	"4E"	"54"	"41"	"47"	"00"	"46"	"55"	"4E"	"4B"	"20"	"20"	"00"	"48"	"59"	"42"	"52"	"49"	"44"	"00"	"45"	"58"	"50"	"52"	"53"	"4E"	"00"	"53"	"50"	"45"	"43"	"49"	"41"	"00"	"01"	"02"	"00"	"00"	"02"	"03"	"00"	"00"	"80"	"00"	"80"	"00"	"01"	"02"	"03"	"04"	"05"	"06"	"07"	"08"	"09"	"0A"	"0B"	"0C"	"0D"	"0E"	"0F"	"10"	"11"	"12"	"13"	"14"	"15"	"16"	"17"	"18"	"19"	"1A"	"1B"	"1C"	"1D"	"1E"	"1F"	"20"	"21"	"22"	"23"	"24"	"25"	"26"	"27"	"28"	"29"	"2A"	"2B"	"2C"	"2D"	"2E"	"2F"	"30"	"31"	"32"	"33"	"34"	"35"	"36"	"37"	"38"	"39"	"3A"	"3B"	"3C"	"3D"	"3E"	"3F"	"40"	"41"	"42"	"43"	"44"	"45"	"46"	"47"	"48"	"49"	"4A"	"4B"	"4C"	"4D"	"4E"	"4F"	"50"	"51"	"52"	"53"	"54"	"55"	"56"	"57"	"58"	"59"	"5A"	"5B"	"5C"	"5D"	"5E"	"5F"	"00"	"01"	"02"	"03"	"04"	"05"	"06"	"07"	"08"	"09"	"0A"	"0B"	"0C"	"0D"	"0E"	"0F"	"10"	"11"	"12"	"13"	"14"	"15"	"16"	"17"	"18"	"19"	"1A"	"1B"	"1C"	"1D"	"1E"	"1F"	
CODE 0A	"02"	"03"	"00"	"04"	"01"	"10"	"00"	"F0"	"53"	"48"	"4F"	"43"	"41"	"53"	"00"	"47"	"45"	"4E"	"45"	"54"	"58"	"00"	"53"	"54"	"41"	"52"	"53"	"20"	"00"	"41"	"4D"	"50"	"53"	"20"	"20"	"00"	"42"	"4C"	"55"	"45"	"53"	"20"	"00"	"43"	"4E"	"54"	"52"	"59"	"20"	"00"	"52"	"4F"	"43"	"4B"	"20"	"20"	"00"	"43"	"4C"	"45"	"41"	"4E"	"20"	"00"	"4D"	"45"	"54"	"41"	"4C"	"20"	"00"	"53"	"54"	"55"	"44"	"49"	"4F"	"00"	"4A"	"41"	"5A"	"5A"	"20"	"20"	"00"	"56"	"49"	"4E"	"54"	"41"	"47"	"00"	"46"	"55"	"4E"	"4B"	"20"	"20"	"00"	"48"	"59"	"42"	"52"	"49"	"44"	"00"	"45"	"58"	"50"	"52"	"53"	"4E"	"00"	"53"	"50"	"45"	"43"	"49"	"41"	"00"	"01"	"02"	"00"	"00"	"02"	"03"	"00"	"00"	"80"	"00"	"80"	"00"	"01"	"02"	"03"	"04"	"05"	"06"	"07"	"08"	"09"	"0A"	"0B"	"0C"	"0D"	"0E"	"0F"	"10"	"11"	"12"	"13"	"14"	"15"	"16"	"17"	"18"	"19"	"1A"	"1B"	"1C"	"1D"	"1E"	"1F"	"20"	"21"	"22"	"23"	"24"	"25"	"26"	"27"	"28"	"29"	"2A"	"2B"	"2C"	"2D"	"2E"	"2F"	"30"	"31"	"32"	"33"	"34"	"35"	"36"	"37"	"38"	"39"	"3A"	"3B"	"3C"	"3D"	"3E"	"3F"	"40"	"41"	"42"	"43"	"44"	"45"	"46"	"47"	"48"	"49"	"4A"	"4B"	"4C"	"4D"	"4E"	"4F"	"50"	"51"	"52"	"53"	"54"	"55"	"56"	"57"	"58"	"59"	"5A"	"5B"	"5C"	"5D"	"5E"	"5F"	"00"	"01"	"02"	"03"	"04"	"05"	"06"	"07"	"08"	"09"	"0A"	"0B"	"0C"	"0D"	"0E"	"0F"	"10"	"11"	"12"	"13"	"14"	"15"	"16"	"17"	"18"	"19"	"1A"	"1B"	"1C"	"1D"	"1E"	"1F"	
CODE 0A	"02"	"03"	"00"	"04"	"01"	"10"	"00"	"F0"	"53"	"48"	"4F"	"43"	"41"	"53"	"00"	"47"	"45"	"4E"	"45"	"54"	"58"	"00"	"53"	"54"	"41"	"52"	"53"	"20"	"00"	"41"	"4D"	"50"	"53"	"20"	"20"	"00"	"42"	"4C"	"55"	"45"	"53"	"20"	"00"	"43"	"4E"	"54"	"52"	"59"	"20"	"00"	"52"	"4F"	"43"	"4B"	"20"	"20"	"00"	"43"	"4C"	"45"	"41"	"4E"	"20"	"00"	"4D"	"45"	"54"	"41"	"4C"	"20"	"00"	"53"	"54"	"55"	"44"	"49"	"4F"	"00"	"4A"	"41"	"5A"	"5A"	"20"	"20"	"00"	"56"	"49"	"4E"	"54"	"41"	"47"	"00"	"46"	"55"	"4E"	"4B"	"20"	"20"	"00"	"48"	"59"	"42"	"52"	"49"	"44"	"00"	"45"	"58"	"50"	"52"	"53"	"4E"	"00"	"53"	"50"	"45"	"43"	"49"	"41"	"00"	"01"	"02"	"00"	"00"	"02"	"03"	"00"	"00"	"80"	"00"	"80"	"00"	"01"	"02"	"03"	"04"	"05"	"06"	"07"	"08"	"09"	"0A"	"0B"	"0C"	"0D"	"0E"	"0F"	"10"	"11"	"12"	"13"	"14"	"15"	"16"	"17"	"18"	"19"	"1A"	"1B"	"1C"	"1D"	"1E"	"1F"	"20"	"21"	"22"	"23"	"24"	"25"	"26"	"27"	"28"	"29"	"2A"	"2B"	"2C"	"2D"	"2E"	"2F"	"30"	"31"	"32"	"33"	"34"	"35"	"36"	"37"	"38"	"39"	"3A"	"3B"	"3C"	"3D"	"3E"	"3F"	"40"	"41"	"42"	"43"	"44"	"45"	"46"	"47"	"48"	"49"	"4A"	"4B"	"4C"	"4D"	"4E"	"4F"	"50"	"51"	"52"	"53"	"54"	"55"	"56"	"57"	"58"	"59"	"5A"	"5B"	"5C"	"5D"	"5E"	"5F"	"00"	"01"	"02"	"03"	"04"	"05"	"06"	"07"	"08"	"09"	"0A"	"0B"	"0C"	"0D"	"0E"	"0F"	"10"	"11"	"12"	"13"	"14"	"15"	"16"	"17"	"18"	"19"	"1A"	"1B"	"1C"	"1D"	"1E"	"1F"	
CODE 0A	"02"	"03"	"00"	"04"	"01"	"10"	"00"	"F0"	"53"	"48"	"4F"	"43"	"41"	"53"	"00"	"47"	"45"	"4E"	"45"	"54"	"58"	"00"	"53"	"54"	"41"	"52"	"53"	"20"	"00"	"41"	"4D"	"50"	"53"	"20"	"20"	"00"	"42"	"4C"	"55"	"45"	"53"	"20"	"00"	"43"	"4E"	"54"	"52"	"59"	"20"	"00"	"52"	"4F"	"43"	"4B"	"20"	"20"	"00"	"43"	"4C"	"45"	"41"	"4E"	"20"	"00"	"4D"	"45"	"54"	"41"	"4C"	"20"	"00"	"53"	"54"	"55"	"44"	"49"	"4F"	"00"	"4A"	"41"	"5A"	"5A"	"20"	"20"	"00"	"56"	"49"	"4E"	"54"	"41"	"47"	"00"	"46"	"55"	"4E"	"4B"	"20"	"20"	"00"	"48"	"59"	"42"	"52"	"49"	"44"	"00"	"45"	"58"	"50"	"52"	"53"	"4E"	"00"	"53"	"50"	"45"	"43"	"49"	"41"	"00"	"01"	"02"	"00"	"00"	"02"	"03"	"00"	"00"	"80"	"00"	"80"	"00"	"01"	"02"	"03"	"04"	"05"	"06"	"07"	"08"	"09"	"0A"	"0B"	"0C"	"0D"	"0E"	"0F"	"10"	"11"	"12"	"13"	"14"	"15"	"16"	"17"	"18"	"19"	"1A"	"1B"	"1C"	"1D"	"1E"	"1F"	"20"	"21"	"22"	"23"	"24"	"25"	"26"	"27"	"28"	"29"	"2A"	"2B"	"2C"	"2D"	"2E"	"2F"	"30"	"31"	"32"	"33"	"34"	"35"	"36"	"37"	"38"	"39"	"3A"	"3B"	"3C"	"3D"	"3E"	"3F"	"40"	"41"	"42"	"43"	"44"	"45"	"46"	"47"	"48"	"49"	"4A"	"4B"	"4C"	"4D"	"4E"	"4F"	"50"	"51"	"52"	"53"	"54"	"55"	"56"	"57"	"58"	"59"	"5A"	"5B"	"5C"	"5D"	"5E"	"5F"	"00"	"01"	"02"	"03"	"04"	"05"	"06"	"07"	"08"	"09"	"0A"	"0B"	"0C"	"0D"	"0E"	"0F"	"10"	"11"	"12"	"13"	"14"	"15"	"16"	"17"	"18"	"19"	"1A"	"1B"	"1C"	"1D"	"1E"	"1F"	
CODE 0A	"02"	"03"	"00"	"04"	"01"	"10"	"00"	"F0"	"53"	"48"	"4F"	"43"	"41"	"53"	"00"	"47"	"45"	"4E"	"45"	"54"	"58"	"00"	"53"	"54"	"41"	"52"	"53"	"20"	"00"	"41"	"4D"	"50"	"53"	"20"	"20"	"00"	"42"	"4C"	"55"	"45"	"53"	"20"	"00"	"43"	"4E"	"54"	"52"	"59"	"20"	"00"	"52"	"4F"	"43"	"4B"	"20"	"20"	"00"	"43"	"4C"	"45"	"41"	"4E"	"20"	"00"	"4D"	"45"	"54"	"41"	"4C"	"20"	"00"	"53"	"54"	"55"	"44"	"49"	"4F"	"00"	"4A"	"41"	"5A"	"5A"	"20"	"20"	"00"	"56"	"49"	"4E"	"54"	"41"	"47"	"00"	"46"	"55"	"4E"	"4B"	"20"	"20"	"00"	"48"	"59"	"42"	"52"	"49"	"44"	"00"	"45"	"58"	"50"	"52"	"53"	"4E"	"00"	"53"	"50"	"45"	"43"	"49"	"41"	"00"	"01"	"02"	"00"	"00"	"02"	"03"	"00"	"00"	"80"	"00"	"80"	"00"	"01"	"02"	"03"	"04"	"05"	"06"	"07"	"08"	"09"	"0A"	"0B"	"0C"	"0D"	"0E"	"0F"	"10"	"11"	"12"	"13"	"14"	"15"	"16"	"17"	"18"	"19"	"1A"	"1B"	"1C"	"1D"	"1E"	"1F"	"20"	"21"	"22"	"23"	"24"	"25"	"26"	"27"	"28"	"29"	"2A"	"2B"	"2C"	"2D"	"2E"	"2F"	"30"	"31"	"32"	"33"	"34"	"35"	"36"	"37"	"38"	"39"	"3A"	"3B"	"3C"	"3D"	"3E"	"3F"	"40"	"41"	"42"	"43"	"44"	"45"	"46"	"47"	"48"	"49"	"4A"	"4B"	"4C"	"4D"	"4E"	"4F"	"50"	"51"	"52"	"53"	"54"	"55"	"56"	"57"	"58"	"59"	"5A"	"5B"	"5C"	"5D"	"5E"	"5F"	"00"	"01"	"02"	"03"	"04"	"05"	"06"	"07"	"08"	"09"	"0A"	"0B"	"0C"	"0D"	"0E"	"0F"	"10"	"11"	"12"	"13"	"14"	"15"	"16"	"17"	"18"	"19"	"1A"	"1B"	"1C"	"1D"	"1E"	"1F"	
CODE 0A	"02"	"03"	"00"	"04"	"01"	"10"	"00"	"F0"	"53"	"48"	"4F"	"43"	"41"	"53"	"00"	"47"	"45"	"4E"	"45"	"54"	"58"	"00"	"53"	"54"	"41"	"52"	"53"	"20"	"00"	"41"	"4D"	"50"	"53"	"20"	"20"	"00"	"42"	"4C"	"55"	"45"	"53"	"20"	"00"	"43"	"4E"	"54"	"52"	"59"	"20"	"00"	"52"	"4F"	"43"	"4B"	"20"	"20"	"00"	"43"	"4C"	"45"	"41"	"4E"	"20"	"00"	"4D"	"45"	"54"	"41"	"4C"	"20"	"00"	"53"	"54"	"55"	"44"	"49"	"4F"	"00"	"4A"	"41"	"5A"	"5A"	"20"	"20"	"00"	"56"	"49"	"4E"	"54"	"41"	"47"	"00"	"46"	"55"	"4E"	"4B"	"20"	"20"	"00"	"48"	"59"	"42"	"52"	"49"	"44"	"00"	"45"	"58"	"50"	"52"	"53"	"4E"	"00"	"53"	"50"	"45"	"43"	"49"	"41"	"00"	"01"	"02"	"00"	"00"	"02"	"03"	"[02]"	"00"	"80"	"00"	"80"	"00"	"01"	"02"	"03"	"04"	"05"	"06"	"07"	"08"	"09"	"0A"	"0B"	"0C"	"0D"	"0E"	"0F"	"10"	"11"	"12"	"13"	"14"	"15"	"16"	"17"	"18"	"19"	"1A"	"1B"	"1C"	"1D"	"1E"	"1F"	"20"	"21"	"22"	"23"	"24"	"25"	"26"	"27"	"28"	"29"	"2A"	"2B"	"2C"	"2D"	"2E"	"2F"	"30"	"31"	"32"	"33"	"34"	"35"	"36"	"37"	"38"	"39"	"3A"	"3B"	"3C"	"3D"	"3E"	"3F"	"40"	"41"	"42"	"43"	"44"	"45"	"46"	"47"	"48"	"49"	"4A"	"4B"	"4C"	"4D"	"4E"	"4F"	"50"	"51"	"52"	"53"	"54"	"55"	"56"	"57"	"58"	"59"	"5A"	"5B"	"5C"	"5D"	"5E"	"5F"	"00"	"01"	"02"	"03"	"04"	"05"	"06"	"07"	"08"	"09"	"0A"	"0B"	"0C"	"0D"	"0E"	"0F"	"10"	"11"	"12"	"13"	"14"	"15"	"16"	"17"	"18"	"19"	"1A"	"1B"	"1C"	"1D"	"1E"	"1F"	
CODE 0A	"02"	"03"	"00"	"04"	"01"	"10"	"00"	"F0"	"53"	"48"	"4F"	"43"	"41"	"53"	"00"	"47"	"45"	"4E"	"45"	"54"	"58"	"00"	"53"	"54"	"41"	"52"	"53"	"20"	"00"	"41"	"4D"	"50"	"53"	"20"	"20"	"00"	"42"	"4C"	"55"	"45"	"53"	"20"	"00"	"43"	"4E"	"54"	"52"	"59"	"20"	"00"	"52"	"4F"	"43"	"4B"	"20"	"20"	"00"	"43"	"4C"	"45"	"41"	"4E"	"20"	"00"	"4D"	"45"	"54"	"41"	"4C"	"20"	"00"	"53"	"54"	"55"	"44"	"49"	"4F"	"00"	"4A"	"41"	"5A"	"5A"	"20"	"20"	"00"	"56"	"49"	"4E"	"54"	"41"	"47"	"00"	"46"	"55"	"4E"	"4B"	"20"	"20"	"00"	"48"	"59"	"42"	"52"	"49"	"44"	"00"	"45"	"58"	"50"	"52"	"53"	"4E"	"00"	"53"	"50"	"45"	"43"	"49"	"41"	"00"	"01"	"02"	"[01]"	"00"	"02"	"03"	"02"	"00"	"80"	"00"	"80"	"00"	"01"	"02"	"03"	"04"	"05"	"06"	"07"	"08"	"09"	"0A"	"0B"	"0C"	"0D"	"0E"	"0F"	"10"	"11"	"12"	"13"	"14"	"15"	"16"	"17"	"18"	"19"	"1A"	"1B"	"1C"	"1D"	"1E"	"1F"	"20"	"21"	"22"	"23"	"24"	"25"	"26"	"27"	"28"	"29"	"2A"	"2B"	"2C"	"2D"	"2E"	"2F"	"30"	"31"	"32"	"33"	"34"	"35"	"36"	"37"	"38"	"39"	"3A"	"3B"	"3C"	"3D"	"3E"	"3F"	"40"	"41"	"42"	"43"	"44"	"45"	"46"	"47"	"48"	"49"	"4A"	"4B"	"4C"	"4D"	"4E"	"4F"	"50"	"51"	"52"	"53"	"54"	"55"	"56"	"57"	"58"	"59"	"5A"	"5B"	"5C"	"5D"	"5E"	"5F"	"00"	"01"	"02"	"03"	"04"	"05"	"06"	"07"	"08"	"09"	"0A"	"0B"	"0C"	"0D"	"0E"	"0F"	"10"	"11"	"12"	"13"	"14"	"15"	"16"	"17"	"18"	"19"	"1A"	"1B"	"1C"	"1D"	"1E"	"1F"	
CODE 0A	"02"	"03"	"00"	"04"	"01"	"10"	"00"	"F0"	"53"	"48"	"4F"	"43"	"41"	"53"	"00"	"47"	"45"	"4E"	"45"	"54"	"58"	"00"	"53"	"54"	"41"	"52"	"53"	"20"	"00"	"41"	"4D"	"50"	"53"	"20"	"20"	"00"	"42"	"4C"	"55"	"45"	"53"	"20"	"00"	"43"	"4E"	"54"	"52"	"59"	"20"	"00"	"52"	"4F"	"43"	"4B"	"20"	"20"	"00"	"43"	"4C"	"45"	"41"	"4E"	"20"	"00"	"4D"	"45"	"54"	"41"	"4C"	"20"	"00"	"53"	"54"	"55"	"44"	"49"	"4F"	"00"	"4A"	"41"	"5A"	"5A"	"20"	"20"	"00"	"56"	"49"	"4E"	"54"	"41"	"47"	"00"	"46"	"55"	"4E"	"4B"	"20"	"20"	"00"	"48"	"59"	"42"	"52"	"49"	"44"	"00"	"45"	"58"	"50"	"52"	"53"	"4E"	"00"	"53"	"50"	"45"	"43"	"49"	"41"	"00"	"01"	"02"	"01"	"00"	"02"	"03"	"02"	"[01]"	"80"	"00"	"80"	"00"	"01"	"02"	"03"	"04"	"05"	"06"	"07"	"08"	"09"	"0A"	"0B"	"0C"	"0D"	"0E"	"0F"	"10"	"11"	"12"	"13"	"14"	"15"	"16"	"17"	"18"	"19"	"1A"	"1B"	"1C"	"1D"	"1E"	"1F"	"20"	"21"	"22"	"23"	"24"	"25"	"26"	"27"	"28"	"29"	"2A"	"2B"	"2C"	"2D"	"2E"	"2F"	"30"	"31"	"32"	"33"	"34"	"35"	"36"	"37"	"38"	"39"	"3A"	"3B"	"3C"	"3D"	"3E"	"3F"	"40"	"41"	"42"	"43"	"44"	"45"	"46"	"47"	"48"	"49"	"4A"	"4B"	"4C"	"4D"	"4E"	"4F"	"50"	"51"	"52"	"53"	"54"	"55"	"56"	"57"	"58"	"59"	"5A"	"5B"	"5C"	"5D"	"5E"	"5F"	"00"	"01"	"02"	"03"	"04"	"05"	"06"	"07"	"08"	"09"	"0A"	"0B"	"0C"	"0D"	"0E"	"0F"	"10"	"11"	"12"	"13"	"14"	"15"	"16"	"17"	"18"	"19"	"1A"	"1B"	"1C"	"1D"	"1E"	"1F"	
CODE 0A	"02"	"03"	"00"	"04"	"01"	"10"	"00"	"F0"	"53"	"48"	"4F"	"43"	"41"	"53"	"00"	"47"	"45"	"4E"	"45"	"54"	"58"	"00"	"53"	"54"	"41"	"52"	"53"	"20"	"00"	"41"	"4D"	"50"	"53"	"20"	"20"	"00"	"42"	"4C"	"55"	"45"	"53"	"20"	"00"	"43"	"4E"	"54"	"52"	"59"	"20"	"00"	"52"	"4F"	"43"	"4B"	"20"	"20"	"00"	"43"	"4C"	"45"	"41"	"4E"	"20"	"00"	"4D"	"45"	"54"	"41"	"4C"	"20"	"00"	"53"	"54"	"55"	"44"	"49"	"4F"	"00"	"4A"	"41"	"5A"	"5A"	"20"	"20"	"00"	"56"	"49"	"4E"	"54"	"41"	"47"	"00"	"46"	"55"	"4E"	"4B"	"20"	"20"	"00"	"48"	"59"	"42"	"52"	"49"	"44"	"00"	"45"	"58"	"50"	"52"	"53"	"4E"	"00"	"53"	"50"	"45"	"43"	"49"	"41"	"00"	"01"	"02"	"01"	"00"	"02"	"03"	"02"	"[00]"	"80"	"00"	"80"	"00"	"01"	"02"	"03"	"04"	"05"	"06"	"07"	"08"	"09"	"0A"	"0B"	"0C"	"0D"	"0E"	"0F"	"10"	"11"	"12"	"13"	"14"	"15"	"16"	"17"	"18"	"19"	"1A"	"1B"	"1C"	"1D"	"1E"	"1F"	"20"	"21"	"22"	"23"	"24"	"25"	"26"	"27"	"28"	"29"	"2A"	"2B"	"2C"	"2D"	"2E"	"2F"	"30"	"31"	"32"	"33"	"34"	"35"	"36"	"37"	"38"	"39"	"3A"	"3B"	"3C"	"3D"	"3E"	"3F"	"40"	"41"	"42"	"43"	"44"	"45"	"46"	"47"	"48"	"49"	"4A"	"4B"	"4C"	"4D"	"4E"	"4F"	"50"	"51"	"52"	"53"	"54"	"55"	"56"	"57"	"58"	"59"	"5A"	"5B"	"5C"	"5D"	"5E"	"5F"	"00"	"01"	"02"	"03"	"04"	"05"	"06"	"07"	"08"	"09"	"0A"	"0B"	"0C"	"0D"	"0E"	"0F"	"10"	"11"	"12"	"13"	"14"	"15"	"16"	"17"	"18"	"19"	"1A"	"1B"	"1C"	"1D"	"1E"	"1F"	
